5E-CF-7F-01-85-56,5ECF7F018556,5C-CF-7F-01-85-56,5CCF7F018556
5E-CF-7F-01-85-56,5ECF7F018556,5C-CF-7F-01-85-56,5CCF7F018556
5E-CF-7F-A5-56-D1,5ECF7FA556D1,5C-CF-7F-A5-56-D1,5CCF7FA556D1
5E-CF-7F-A5-56-D1,5ECF7FA556D1,5C-CF-7F-A5-56-D1,5CCF7FA556D1
5E-CF-7F-A5-56-D1,5ECF7FA556D1,5C-CF-7F-A5-56-D1,5CCF7FA556D1
5E-CF-7F-A5-56-D1,5ECF7FA556D1,5C-CF-7F-A5-56-D1,5CCF7FA556D1
5E-CF-7F-A5-56-D1,5ECF7FA556D1,5C-CF-7F-A5-56-D1,5CCF7FA556D1
5E-CF-7F-A5-56-D1,5ECF7FA556D1,5C-CF-7F-A5-56-D1,5CCF7FA556D1
5E-CF-7F-A5-56-D1,5ECF7FA556D1,5C-CF-7F-A5-56-D1,5CCF7FA556D1
5E-CF-7F-A5-56-D1,5ECF7FA556D1,5C-CF-7F-A5-56-D1,5CCF7FA556D1
5E-CF-7F-A5-56-D1,5ECF7FA556D1,5C-CF-7F-A5-56-D1,5CCF7FA556D1
5E-CF-7F-A5-56-D1,5ECF7FA556D1,5C-CF-7F-A5-56-D1,5CCF7FA556D1
5E-CF-7F-A5-56-D1,5ECF7FA556D1,5C-CF-7F-A5-56-D1,5CCF7FA556D1
5E-CF-7F-A5-56-D1,5ECF7FA556D1,5C-CF-7F-A5-56-D1,5CCF7FA556D1
5E-CF-7F-A5-56-D1,5ECF7FA556D1,5C-CF-7F-A5-56-D1,5CCF7FA556D1
5E-CF-7F-A5-56-D1,5ECF7FA556D1,5C-CF-7F-A5-56-D1,5CCF7FA556D1
5E-CF-7F-A5-56-D1,5ECF7FA556D1,5C-CF-7F-A5-56-D1,5CCF7FA556D1
5E-CF-7F-A5-56-D1,5ECF7FA556D1,5C-CF-7F-A5-56-D1,5CCF7FA556D1
5E-CF-7F-A5-56-D1,5ECF7FA556D1,5C-CF-7F-A5-56-D1,5CCF7FA556D1
5E-CF-7F-A5-56-D1,5ECF7FA556D1,5C-CF-7F-A5-56-D1,5CCF7FA556D1
5E-CF-7F-A5-56-D1,5ECF7FA556D1,5C-CF-7F-A5-56-D1,5CCF7FA556D1
5E-CF-7F-A5-56-D1,5ECF7FA556D1,5C-CF-7F-A5-56-D1,5CCF7FA556D1
EA-DB-84-97-BA-A8,EADB8497BAA8,E8-DB-84-97-BA-A8,E8DB8497BAA8
